Node	Specie	Duplications	Dupl_Events	Branch_length	Normalized_events
s_cerevisiae	s_cerevisiae	212	127	0.0359713	3.530592444532169
N9	s_paradoxus	8	8	0.0190956	0.41894467835522314
N8	s_mikatae	17	15	0.0144154	1.0405538521303606
N6	s_kudriavzevii	42	32	0.0170649	1.8751941118904885
N4	s_bayanus	300	164	0.18906	0.8674494869353644
N2	n_castellii	273	142	0.0710307	1.9991355850357664
N1	l_waltii_v3_group	142	89	0.517735	0.17190261427178
N0	schizo_pombe	5	3	0	0
